country,name,numeric_id,death_cancer_all,death_breast,death_colon,death_liver,death_mouth,death_oesophagus,daly_breast,daly_colon,daly_liver,daly_mouth,daly_oesophagus,oral_cancer_rate,oral_cancer_cases,cancer_surgery,cancer_registry,cancer_plan,breast_screening,cancer_dept
AFG,Afghanistan,4,119.824176666,14.5,8.8,4.9,12.1,18.9,244.0,150.0,65.7,176.0,236.0,4.6,913.0,Yes,Yes,No response,No,Yes
ALB,Albania,8,100.051438355,14.7,17.7,4.1,5.7,1.9,193.0,165.0,35.6,60.0,19.0,1.8,106.0,Yes,No,Yes,Yes,Yes
DZA,Algeria,12,110.852264353,9.3,6.7,1.3,6.4,1.1,109.0,58.0,10.7,64.0,8,0.68,293.0,Yes,Yes,Yes,Yes,Yes
AND,Andorra,20,,10.0,17.0,5.9,3.5,3.1,138.0,161.0,46.4,44.0,34.0,,,Yes,No,Yes,Yes,Yes
AGO,Angola,24,118.190649838,18.9,7.0,9.8,20.7,8.2,218.0,71.0,117.5,172.0,89.0,3.3,482.0,Yes,No,No,No,Yes
ATG,Antigua and Barbuda,28,163.878023299,19.8,10.8,6.3,3.7,2.3,283.0,74.0,42.9,37.0,7,,,Yes,No,No,No,Yes
ARG,Argentina,32,157.46278537,14.5,16.2,4.2,2.6,5.2,169.0,142.0,36.9,29.0,45.0,2.3,1304.0,Don't know,Yes,Yes,Yes,Don't know
ARM,Armenia,51,170.717799957,22.2,8.4,4.5,4.9,2.6,310.0,90.0,39.5,53.0,23.0,0.98,47.0,Yes,No,Yes,Yes,Yes
AUS,Australia,36,136.142282015,10.7,16.2,3.1,2.6,4.2,171.0,160.0,28.6,28.0,35.0,6.5,2788.0,Yes,Yes,Yes,Yes,Yes
AUT,Austria,40,145.810293555,11.3,16.2,5.3,4.2,2.4,135.0,142.0,48.2,53.0,24.0,3.4,565.0,Yes,Yes,Yes,Yes,Yes
AZE,Azerbaijan,31,83.958727382,9.7,3.4,2.4,2.2,9.2,151.0,42.0,23.4,25.0,94.0,1.8,202.0,Yes,No,Yes,No,Yes
BHS,Bahamas,44,143.12728657,15.5,10.7,4.9,3.5,2,219.0,128.0,45.0,40.0,20.0,1.0,5.0,Yes,Yes,Yes,No,Yes
BHR,Bahrain,48,81.762074423,9.1,6.0,7.4,3.3,5,116.0,54.0,57.2,23.0,24.0,1.6,18.0,Yes,Yes,Yes,Yes,Yes
BGD,Bangladesh,50,115.912472033,7.8,1.3,1.7,24.8,12.0,84.0,14.0,17.3,223.0,116.0,9.5,13985.0,Yes,No,Yes,No,Yes
BRB,Barbados,52,140.050502517,19.3,11.3,4.3,5.1,3.2,261.0,111.0,38.9,61.0,22.0,1.4,10.0,Yes,Yes,Yes,No,Yes
BLR,Belarus,112,159.749978991,11.3,17.7,2.5,5.9,2.8,153.0,163.0,26.2,76.0,32.0,4.2,686.0,Yes,Yes,Yes,Yes,Yes
BEL,Belgium,56,114.055670226,15.3,17.1,3.4,4.1,3.7,200.0,153.0,27.7,56.0,38.0,4.6,992.0,Yes,Yes,Yes,Yes,Yes
BLZ,Belize,84,124.408984953,5.8,4.2,11.7,1.9,3.2,47.0,45.0,118.2,15.0,17.0,,,No,No,Yes,No,No
BEN,Benin,204,106.243499534,17.6,6.7,18.3,5.0,2,204.0,70.0,191.6,55.0,19.0,0.93,74.0,No,Yes,Yes,No,No
BTN,Bhutan,64,84.96458966,7.6,4.9,2.2,15.5,11.2,79.0,41.0,20.9,136.0,92.0,3.0,21.0,Yes,Yes,Yes,Yes,Yes
BOL,"Bolivia, Plurinational State of",68,135.24656959,15.8,16.9,4.6,7.5,3.3,179.0,144.0,46.9,63.0,25.0,0.62,73.0,Yes,Yes,No,No,Yes
BIH,Bosnia and Herzegovina,70,183.853552993,7.8,12.0,10.8,2.8,1.1,124.0,131.0,111.6,30.0,11.0,3.1,198.0,Yes,No,Yes,Yes,Yes
BWA,Botswana,72,98.900729972,13.2,4.3,3.1,16.6,6.1,126.0,40.0,29.0,145.0,49.0,3.5,60.0,Yes,Yes,Yes,No,Yes
BRA,Brazil,76,137.839313575,14.2,10.7,2.7,5.7,5.2,177.0,103.0,26.3,66.0,50.0,3.6,9839.0,Don't know,Yes,Yes,Yes,Don't know
BRN,Brunei Darussalam,96,134.290721169,7.1,11.4,7.9,8.0,2.9,102.0,101.0,65.5,92.0,20.0,0.59,2.0,Yes,Yes,Yes,Yes,Yes
BGR,Bulgaria,100,120.143150569,9.9,16.8,6.3,3.0,1.5,128.0,164.0,62.3,38.0,17.0,3.3,455.0,Yes,Yes,Yes,Yes,Yes
BFA,Burkina Faso,854,149.115745269,21.8,4.7,24.6,7.2,5.4,248.0,40.0,328.0,68.0,62.0,1.7,179.0,Yes,Yes,Yes,Yes,Yes
BDI,Burundi,108,131.967846939,9.8,6.9,19.0,8.2,22.8,105.0,61.0,190.0,87.0,193.0,1.6,92.0,No,No,Yes,No,No
CPV,Cabo Verde,132,128.89625344,12.6,4.5,12.6,3.3,1.4,140.0,40.0,109.9,31.0,12.0,6.0,31.0,No,No,No,No,No
KHM,Cambodia,116,150.739449323,14.6,10.1,10.0,12.0,3.4,196.0,115.0,132.3,120.0,34.0,3.9,502.0,No,No,Yes,Yes,No
CMR,Cameroon,120,84.297370062,17.9,3.3,42.2,5.7,0.9,192.0,54.0,410.5,83.0,11.0,1.5,228.0,Yes,No,Yes,No,Yes
CAN,Canada,124,143.480521642,12.0,15.4,3.1,2.5,3.3,172.0,154.0,28.1,27.0,29.0,4.2,2993.0,Yes,Yes,Yes,Yes,Yes
CAF,Central African Republic,140,116.39455172,10.1,2.9,30.0,6.1,1.5,104.0,36.0,340.5,63.0,14.0,1.4,35.0,Yes,No,Yes,No,Yes
TCD,Chad,148,115.279436656,10.4,3.0,32.3,6.5,1.6,111.0,39.0,381.8,71.0,16.0,1.6,119.0,No,No,Yes,No,No
CHL,Chile,152,139.671884006,7.4,9.9,5.1,1.3,5,87.0,76.0,38.7,11.0,30.0,1.0,295.0,Yes,Yes,Yes,Yes,Yes
CHN,China,156,133.718524419,4.9,8.7,24.1,2.8,20.7,68.0,81.0,270.9,34.0,184.0,1.3,30117.0,Yes,Yes,Yes,Yes,Yes
COL,Colombia,170,84.23139278,7.3,7.6,2.3,2.7,2.8,89.0,73.0,21.7,27.0,23.0,1.4,914.0,Yes,Yes,Yes,Yes,Yes
COM,Comoros,174,86.083335413,6.9,5.6,14.8,6.4,18.1,73.0,43.0,134.4,61.0,140.0,1.0,5.0,No,No,No,No,Yes
COG,Congo,178,60.45391018,9.8,7.8,23.0,6.5,1.1,119.0,53.0,197.8,57.0,8,0.52,16.0,Yes,Yes,No,No,Yes
COD,"Congo, Democratic Republic of the",180,99.123243919,6.2,1.3,32.7,3.1,0.4,64.0,25.0,407.2,42.0,9,1.0,485.0,Yes,No,Yes,No,Yes
COK,Cook Islands,184,,3.9,2.6,8.5,1.6,1.1,63.0,19.0,71.2,26.0,8,,,No,No,Yes,Yes,No
CRI,Costa Rica,188,83.934194038,8.2,11.3,6.9,1.9,1.6,96.0,101.0,55.7,21.0,13.0,1.2,80.0,Yes,Yes,Yes,Yes,Yes
HRV,Croatia,191,147.872792899,12.7,21.6,5.9,5.9,2.7,165.0,207.0,50.6,75.0,30.0,4.2,339.0,Yes,Yes,Yes,Yes,Yes
CUB,Cuba,192,173.152807071,8.7,12.6,4.4,4.3,3.7,108.0,104.0,37.5,42.0,35.0,5.2,1084.0,Yes,Yes,Yes,Yes,Yes
CYP,Cyprus,196,81.756200013,10.0,7.6,4.9,1.3,0.6,120.0,63.0,39.6,14.0,6,1.8,36.0,Yes,Yes,Yes,Yes,Yes
CZE,Czechia,203,128.767666755,12.8,28.3,5.8,4.6,3,141.0,269.0,51.4,59.0,33.0,4.3,891.0,Yes,Yes,Yes,Yes,Yes
CIV,Côte d'Ivoire,384,93.36371241,15.6,5.8,20.6,6.7,1.6,208.0,70.0,241.4,67.0,21.0,1.3,181.0,No,Yes,Yes,No,No
DNK,Denmark,208,169.254420508,16.9,24.2,3.1,3.8,5.1,202.0,209.0,27.4,43.0,49.0,3.6,404.0,Yes,Yes,Yes,Yes,Yes
DJI,Djibouti,262,71.018532473,6.0,4.2,12.6,5.5,14.0,87.0,45.0,147.0,67.0,139.0,1.8,14.0,Yes,No,No,No,No
DMA,Dominica,212,,18.2,10.6,6.9,3.9,4.7,286.0,113.0,100.5,29.0,52.0,,,No,No,No,Yes,Yes
DOM,Dominican Republic,214,107.47692219,11.6,10.7,7.1,8.1,2.8,164.0,93.0,59.4,67.0,22.0,1.1,130.0,Yes,Yes,Yes,Yes,Yes
ECU,Ecuador,218,90.050919911,6.6,6.2,5.1,1.6,1.7,85.0,61.0,43.3,15.0,12.0,1.2,233.0,Yes,Yes,Yes,Yes,Yes
EGY,Egypt,818,161.458603203,8.7,3.6,5.5,0.9,1.5,128.0,50.0,64.1,9,18.0,1.6,1319.0,No response,Yes,Yes,No response,No response
SLV,El Salvador,222,68.735267623,4.2,4.2,3.8,2.1,2.2,54.0,38.0,34.1,21.0,18.0,1.4,107.0,Yes,No,Yes,Yes,Yes
GNQ,Equatorial Guinea,226,84.930041327,10.2,3.2,33.7,6.9,1.7,113.0,41.0,399.9,74.0,17.0,2.3,16.0,No,No,Yes,No,No
ERI,Eritrea,232,86.610404737,7.4,5.2,13.8,6.1,17.2,73.0,40.0,122.8,56.0,134.0,1.9,43.0,No,No,Yes,No,No
EST,Estonia,233,130.485542771,12.2,18.1,3.7,4.5,3.1,146.0,146.0,30.6,56.0,29.0,3.0,82.0,Yes,Yes,Yes,Yes,Yes
SWZ,Eswatini,748,97.128469944,6.8,3.8,13.5,4.3,12.7,69.0,31.0,26.8,37.0,110.0,0.99,8.0,Yes,Yes,Yes,Yes,Yes
ETH,Ethiopia,231,83.676059449,9.9,7.2,11.8,9.7,32.5,103.0,54.0,110.2,86.0,223.0,1.8,1265.0,Yes,Yes,Yes,Yes,Yes
FJI,Fiji,242,141.10797679,9.9,2.7,3.4,2.2,17.3,139.0,32.0,38.7,28.0,200.0,2.9,26.0,Yes,Yes,Yes,No,Yes
FIN,Finland,246,127.808377728,9.8,10.8,4,1.7,2.2,126.0,101.0,34.1,18.0,20.0,3.0,390.0,Yes,Yes,Yes,Yes,Yes
FRA,France,250,166.660252542,14.0,18.2,7.5,6.5,5.3,182.0,165.0,65.8,85.0,55.0,5.4,6577.0,Yes,Yes,Yes,Yes,Yes
GAB,Gabon,266,117.189990592,7.0,5.2,8,13.6,4.2,81.0,48.0,105.4,125.0,39.0,3.6,50.0,Yes,No,No,Yes,Yes
GMB,Gambia,270,80.699806328,5.3,3.9,55.4,3.9,4.2,55.0,36.0,569.1,41.0,30.0,0.4,4.0,Yes,Yes,No,No,No
GEO,Georgia,268,98.933256528,9.3,3.9,3.4,2.9,1.1,134.0,47.0,35.8,34.0,12.0,2.7,188.0,Yes,Yes,No,Yes,Yes
DEU,Germany,276,153.843474113,13.0,18.2,3.9,3.8,3.5,161.0,161.0,33.7,48.0,37.0,4.3,7333.0,Yes,Yes,Yes,Yes,Yes
GHA,Ghana,288,100.023097708,13.0,6.0,17.3,4.7,1.9,155.0,66.0,186.9,54.0,19.0,0.95,194.0,No,Yes,No,No,No
GRC,Greece,300,118.37264371,11.7,11.9,7.7,1.7,1.3,142.0,99.0,57.6,20.0,11.0,2.4,603.0,Yes,No,Yes,Yes,Yes
GRD,Grenada,308,155.246208385,17.1,15.0,0.4,11.8,8.5,225.0,154.0,2.0,132.0,88.0,,,Yes,Yes,No,No,Yes
GTM,Guatemala,320,110.485168865,9.4,6.9,4.9,2.6,1.8,123.0,65.0,43.0,29.0,14.0,1.3,164.0,Yes,No,Yes,Yes,Yes
GIN,Guinea,324,94.841702814,9.2,7.0,36.6,4.8,0.8,102.0,52.0,400.6,47.0,12.0,0.95,67.0,Yes,Yes,Yes,Yes,Yes
GNB,Guinea-Bissau,624,125.836405022,18.5,7.5,21.2,5.8,2.3,221.0,80.0,225.6,64.0,23.0,1.2,12.0,No response,No,No,No,No response
GUY,Guyana,328,97.104045667,13.3,8.5,4.9,3.2,1.8,190.0,70.0,46.7,38.0,16.0,1.3,11.0,Yes,Yes,No,No,Yes
HTI,Haiti,332,167.964666719,1.3,7.0,13.1,1.6,6.7,15.0,49.0,99.8,15.0,48.0,1.4,130.0,No,No,No,Yes,No
HND,Honduras,340,121.517303756,10.8,7.9,6.2,3.0,2.1,142.0,73.0,51.0,31.0,16.0,1.1,89.0,No,Yes,No,No,No
HUN,Hungary,348,218.890955643,14.5,29.3,5.8,12.2,4.6,166.0,253.0,55.1,176.0,56.0,6.3,1153.0,Yes,No,No,Yes,Yes
ISL,Iceland,352,141.227704227,10.8,14.6,1.2,2.5,2.8,148.0,128.0,5.9,22.0,24.0,1.8,13.0,Yes,Yes,Yes,Yes,Yes
IND,India,356,80.122983032,7.4,5.1,1.9,15.7,10.5,80.0,46.0,19.2,146.0,91.0,9.8,135929.0,Yes,Yes,Yes,Yes,Yes
IDN,Indonesia,360,94.671920426,13.4,16.4,10.7,6.5,1.1,168.0,147.0,107.5,80.0,8,2.0,5780.0,Yes,Yes,No,Yes,Yes
IRN,"Iran, Islamic Republic of",364,88.4625209,5.7,6.6,1.8,3.2,22.2,85.0,76.0,19.3,31.0,199.0,1.3,1139.0,Yes,Yes,Yes,Yes,Yes
IRQ,Iraq,368,98.226244612,12.5,7.5,1,8.1,1.9,192.0,120.0,14.2,114.0,24.0,1.1,264.0,Yes,Yes,Yes,Yes,Yes
IRL,Ireland,372,153.858880711,14.5,19.9,3.5,2.8,7,182.0,173.0,27.6,26.0,58.0,4.0,317.0,Yes,Yes,Yes,Yes,Yes
ISR,Israel,376,101.365843607,14.1,17.8,3.3,1.6,1.7,179.0,153.0,27.3,20.0,15.0,1.6,204.0,Yes,Yes,Yes,Yes,Yes
ITA,Italy,380,142.171714561,11.0,14.8,8.5,2.9,1.9,144.0,139.0,67.1,33.0,17.0,2.8,4037.0,Yes,Yes,Yes,Yes,Yes
JAM,Jamaica,388,140.6662268,15.1,11.1,4.2,3.5,4.1,173.0,81.0,33.2,32.0,31.0,0.75,28.0,Yes,Yes,No,No,Yes
JPN,Japan,392,129.923203937,5.2,15.4,13.0,2.3,4.5,90.0,160.0,106.0,25.0,40.0,3.4,11210.0,Yes,Yes,Yes,Yes,Yes
JOR,Jordan,400,103.933631232,14.2,11.7,2.8,3.3,1.9,191.0,123.0,26.7,36.0,17.0,1.3,97.0,Yes,Yes,Yes,Yes,Yes
KAZ,Kazakhstan,398,116.967429695,12.4,5.9,7.5,6.8,15.9,165.0,59.0,70.5,73.0,143.0,2.7,573.0,Yes,Yes,Yes,Yes,Yes
KEN,Kenya,404,144.320323059,8.5,5.1,6.8,6.2,22.1,93.0,42.0,63.1,59.0,182.0,2.8,759.0,Yes,Yes,Yes,Yes,Yes
KIR,Kiribati,296,236.526588335,10.0,0.0,6,7.6,2.6,156.0,1,65.5,68.0,20.0,,,No,No,Yes,Yes,No
PRK,"Korea, Democratic People's Republic of",408,117.825611421,5.1,8.8,13.2,1.5,1.9,79.0,89.0,157.7,15.0,31.0,0.85,311.0,Yes,No,Yes,No,Yes
KOR,"Korea, Republic of",410,127.590762427,3.4,20.9,25.8,2.3,3.9,51.0,129.0,463.2,41.0,60.0,2.0,1861.0,Yes,Yes,Yes,Yes,Yes
KWT,Kuwait,414,88.214475425,5.4,6.6,7.8,1.4,2,63.0,51.0,53.9,11.0,11.0,1.6,62.0,Yes,Yes,Yes,Yes,Yes
KGZ,Kyrgyzstan,417,95.977011058,7.7,4.1,4.4,4.4,6.4,104.0,46.0,42.9,44.0,59.0,1.8,93.0,Yes,Yes,Yes,Yes,Yes
LAO,Lao People's Democratic Republic,418,130.865679459,6.2,10.0,23.9,10.3,2.2,86.0,93.0,234.4,87.0,19.0,3.8,205.0,Yes,No,Yes,No,Yes
LVA,Latvia,428,194.573895824,13.0,18.5,3.8,5.0,3,169.0,159.0,41.1,59.0,32.0,6.0,218.0,Yes,Yes,No,Yes,Yes
LBN,Lebanon,422,187.725013912,9.7,2.5,0.5,2.7,0.9,135.0,25.0,8.7,33.0,10.0,1.1,84.0,Yes,Yes,Yes,Yes,Yes
LSO,Lesotho,426,132.502948224,5.0,3.1,11.5,3.5,10.8,45.0,25.0,108.9,29.0,92.0,1.8,29.0,No response,No,No response,No,No response
LBR,Liberia,430,100.346624154,16.9,9.4,12.1,8.2,2.9,158.0,76.0,165.3,91.0,23.0,1.2,36.0,Don't know,No,Yes,No,Yes
LBY,Libya,434,78.680352515,7.0,4.2,4.2,4.3,2.8,98.0,50.0,43.9,48.0,25.0,1.1,60.0,Yes,No,No,No,Yes
LTU,Lithuania,440,141.507285267,11.6,16.3,2.8,5.4,3.5,154.0,141.0,31.0,70.0,39.0,3.6,193.0,Yes,Yes,Yes,Yes,Yes
LUX,Luxembourg,442,108.970280852,12.8,16.7,4.6,5.5,3.8,152.0,135.0,37.7,66.0,35.0,4.2,45.0,Yes,Yes,Yes,Yes,Yes
ME1,ME1,,,13.3,16.66,6.8,3.8,2.1,,,,,,,,,,,,
MDG,Madagascar,450,128.176271416,7.7,6.2,17.0,7.3,20.6,86.0,50.0,159.6,72.0,164.0,2.6,410.0,Yes,No,Yes,No,Yes
MWI,Malawi,454,147.034275954,6.8,7.1,6.1,3.0,33.6,67.0,43.0,54.8,36.0,295.0,1.7,187.0,Yes,Yes,Yes,No,Yes
MYS,Malaysia,458,132.884786126,10.6,18.6,8.4,11.1,3.8,125.0,153.0,80.0,129.0,30.0,2.2,742.0,Yes,Yes,Yes,Yes,Yes
MDV,Maldives,462,78.828927664,6.5,26.3,44.0,3.8,7.4,89.0,194.0,407.1,32.0,53.0,1.2,5.0,Yes,No,Yes,Yes,Yes
MLI,Mali,466,161.707928444,11.6,7.6,36.6,3.3,3.1,133.0,72.0,394.8,25.0,44.0,2.6,265.0,Yes,Yes,Yes,No,Yes
MLT,Malta,470,140.075405535,12.8,17.0,2.5,2.0,1.9,161.0,159.0,21.8,26.0,18.0,1.6,19.0,Yes,Yes,Yes,Yes,Yes
MHL,Marshall Islands,584,,10.6,4.0,14.3,3.3,1.5,189.0,33.0,149.8,52.0,12.0,,,No,Yes,Yes,Yes,No
MRT,Mauritania,478,85.094764022,15.1,6.4,18.4,5.0,2.1,167.0,63.0,179.9,53.0,19.0,2.0,53.0,No,No,Yes,No,Yes
MUS,Mauritius,480,82.074172327,9.7,8.6,4.2,4.3,2.4,129.0,75.0,37.0,46.0,22.0,3.0,61.0,Yes,Yes,No,No,Yes
MEX,Mexico,484,71.065523242,6.5,5.3,7.8,1.6,1.5,90.0,52.0,62.5,15.0,12.0,1.1,1500.0,Yes,Yes,Yes,Yes,Yes
FSM,"Micronesia, Federated States of",583,159.942727288,6.4,3.4,8.1,13.4,4,83.0,34.0,103.7,141.0,44.0,,,No,Yes,Yes,Yes,No
MDA,"Moldova, Republic of",498,160.58448019,11.7,24.4,8.9,5.8,1.8,159.0,166.0,91.2,74.0,20.0,4.4,277.0,Yes,Yes,Yes,Yes,Yes
MCO,Monaco,492,,9.9,12.8,5.5,4.5,3.3,131.0,133.0,47.0,58.0,33.0,,,Yes,No,No,Yes,Yes
MNG,Mongolia,496,262.44812679,3.2,4.2,117.6,5.2,37.3,48.0,46.0,1107.2,48.0,297.0,1.4,35.0,Yes,Yes,Yes,Yes,Yes
MNE,Montenegro,499,,,,,,,,,,,,4.4,50.0,Yes,No,Yes,Yes,Yes
MAR,Morocco,504,130.840376058,5.9,4.5,1,4.4,0.7,87.0,53.0,10.7,57.0,6,1.8,731.0,Yes,Yes,Yes,Yes,Yes
MOZ,Mozambique,508,144.405418784,1.6,1.5,73.4,5.6,3,17.0,11.0,645.7,57.0,27.0,1.5,261.0,Yes,Yes,Yes,Yes,No
MMR,Myanmar,104,108.057265279,8.0,4.1,7.4,11.3,11.7,92.0,41.0,95.8,120.0,106.0,4.4,2425.0,Yes,Yes,Yes,No,Yes
NAM,Namibia,516,120.326842072,9.3,3.7,2.7,15.4,5.7,81.0,31.0,23.7,127.0,43.0,6.6,102.0,Yes,Yes,No,No,Yes
NRU,Nauru,520,,11.2,4.5,4.5,1.6,27.9,155.0,49.0,54.0,25.0,227.0,,,No,No,Yes,No,No
NPL,Nepal,524,120.114654608,11.1,5.4,2.5,16.5,12.5,140.0,57.0,27.0,170.0,123.0,3.4,844.0,Yes,Yes,Yes,No,Yes
NLD,"Netherlands, Kingdom of the",528,125.423505332,15.0,18.8,2.3,2.7,6,195.0,175.0,20.2,30.0,55.0,4.3,1558.0,Yes,Yes,No,Yes,Yes
NZL,New Zealand,554,114.502314925,12.9,20.2,2.7,2.5,3.7,200.0,197.0,26.3,26.0,27.0,3.8,308.0,Yes,Yes,Yes,Yes,Yes
NIC,Nicaragua,558,84.397455723,8.4,7.1,7,2.2,1.7,112.0,64.0,65.3,25.0,13.0,0.5,28.0,Yes,No,Yes,Yes,Yes
NER,Niger,562,96.168195479,15.4,11.2,30.5,6.7,2.8,173.0,98.0,336.6,54.0,33.0,1.6,166.0,Yes,Yes,Yes,No,Yes
NGA,Nigeria,566,103.753317394,20.8,8.4,15.2,5.7,2.2,258.0,95.0,148.5,70.0,19.0,1.2,1292.0,Yes,Yes,Yes,No,Yes
NIU,Niue,570,,5.0,2.6,9.1,1.7,0.9,85.0,19.0,86.2,28.0,7,,,No,No,No,Yes,Yes
MKD,North Macedonia,807,200.57769582,11.5,10.8,10.3,2.3,1.3,153.0,149.0,322.9,28.0,14.0,1.3,52.0,Yes,No,Yes,Yes,Yes
NOR,Norway,578,141.817394616,10.7,21.0,1.7,2.0,2.9,152.0,183.0,12.2,19.0,24.0,3.5,391.0,Yes,Yes,Yes,Yes,Yes
OMN,Oman,512,66.491188421,5.2,4.4,7.1,3.0,4.6,66.0,41.0,61.1,32.0,32.0,1.9,68.0,Yes,Yes,Yes,Yes,Yes
PAK,Pakistan,586,116.308556328,13.1,4.4,4,14.5,7.9,138.0,41.0,34.5,126.0,66.0,10.1,16959.0,Yes,No,No,No,Yes
PLW,Palau,585,,8.6,3.4,10.4,2.4,1.4,138.0,29.0,98.2,37.0,11.0,,,Yes,No,Yes,Yes,No
PAN,Panama,591,76.680990274,8.3,8.3,2.5,3.6,1.5,104.0,65.0,22.5,36.0,12.0,0.93,50.0,Yes,Yes,Yes,Yes,Yes
PNG,Papua New Guinea,598,156.11333195,5.8,4.9,12.7,24.8,3,65.0,48.0,153.7,251.0,33.0,21.2,1238.0,Yes,No,Yes,No,Yes
PRY,Paraguay,600,94.720666156,10.4,8.9,3.4,4.1,6,126.0,65.0,30.5,38.0,46.0,1.5,96.0,Yes,No,Yes,No,Yes
PER,Peru,604,144.73122334,10.5,9.7,6.1,2.3,1.6,130.0,79.0,58.4,22.0,12.0,1.7,667.0,Yes,Yes,Yes,Yes,Yes
PHL,Philippines,608,87.413563592,10.6,9.0,8.4,5.6,1.3,148.0,99.0,105.9,69.0,13.0,1.7,1561.0,Yes,Yes,Yes,Yes,Yes
POL,Poland,616,147.805218101,11.4,20.7,3.8,4.5,3.5,138.0,180.0,33.6,55.0,35.0,6.0,4289.0,Yes,Yes,Yes,Yes,Yes
PRT,Portugal,620,116.191588372,10.6,19.2,4.1,4.6,3.6,144.0,182.0,38.7,63.0,39.0,5.3,1103.0,Yes,Yes,Yes,Yes,Yes
QAT,Qatar,634,76.155373517,3.0,7.3,5.5,1.3,5.1,26.0,35.0,33.9,9,28.0,2.2,30.0,Yes,Yes,Yes,Yes,Yes
ROU,Romania,642,141.060649594,10.6,13.9,7,6.4,1.9,135.0,138.0,67.3,87.0,22.0,5.4,1929.0,Yes,Yes,Yes,Yes,Yes
RUS,Russian Federation,643,129.18517913,13.8,18.7,4,4.7,3.5,176.0,179.0,44.3,60.0,35.0,5.1,12402.0,Yes,Yes,Yes,Yes,Yes
RWA,Rwanda,646,119.963655395,3.6,6.3,32.7,6.6,9.3,49.0,43.0,330.9,58.0,79.0,1.3,99.0,Yes,Yes,Yes,Yes,Yes
KNA,Saint Kitts and Nevis,659,,13.7,8.2,,3.8,1.9,179.0,53.0,61.5,49.0,18.0,,,Yes,No,No,Yes,Yes
LCA,Saint Lucia,662,100.980463665,11.4,7.0,5.1,7.1,5.1,151.0,64.0,15.2,97.0,45.0,4.2,10.0,Yes,No,Yes,No,No
VCT,Saint Vincent and the Grenadines,670,174.904096601,14.1,9.0,3.1,3.6,2.4,199.0,60.0,47.4,42.0,29.0,,,Yes,No,Yes,Yes,Yes
WSM,Samoa,882,134.57797495,11.9,8.4,4.9,2.9,1.9,147.0,86.0,23.7,37.0,24.0,3.0,5.0,Yes,No,Yes,No,No
SMR,San Marino,674,,7.1,9.0,3,2.5,0.9,87.0,76.0,88.7,21.0,8,,,Yes,Yes,Yes,Yes,No
STP,Sao Tome and Principe,678,114.732140419,8.9,8.4,9.4,4.6,24.7,95.0,62.0,95.4,45.0,218.0,,,No,No,No,No,No
SAU,Saudi Arabia,682,65.442659642,7.3,8.3,11.5,6.0,4.7,98.0,77.0,388.0,60.0,34.0,1.7,452.0,Yes,Yes,Yes,Yes,Yes
SEN,Senegal,686,103.121970682,10.9,3.9,37.1,8.7,0.5,112.0,40.0,63.5,71.0,7,1.9,177.0,Yes,No,Yes,No,Yes
SRB,Serbia,688,,,,,,,,,,,,4.9,863.0,Yes,Yes,Yes,Yes,Yes
SYC,Seychelles,690,216.616228977,11.3,3.4,2.9,16.5,6,117.0,42.0,288.9,205.0,58.0,,,Yes,Yes,Yes,No,Yes
SLE,Sierra Leone,694,88.451818493,21.4,8.8,24.7,6.9,2.7,261.0,101.0,100.9,83.0,29.0,1.2,57.0,Yes,No,Yes,No,No
SGP,Singapore,702,122.302988654,8.1,17.6,12.1,5.8,2.7,100.0,145.0,47.0,68.0,18.0,2.3,232.0,Yes,Yes,No,Yes,Yes
SVK,Slovakia,703,211.951474808,11.7,25.8,4.9,9.7,4,134.0,234.0,42.9,129.0,49.0,6.1,579.0,No response,Yes,Yes,Yes,No response
SVN,Slovenia,705,181.339574562,12.9,22.3,4.6,4.4,3.7,157.0,208.0,77.2,57.0,40.0,3.9,158.0,Yes,Yes,Yes,Yes,Yes
SLB,Solomon Islands,90,84.239481023,5.9,4.4,6.4,11.3,3.5,70.0,38.0,258.1,109.0,34.0,2.4,11.0,No,No,Yes,Yes,No
SOM,Somalia,706,118.204087537,9.1,6.5,20.2,8.9,21.7,135.0,80.0,43.5,120.0,232.0,2.0,175.0,No,No,No,No,No
ZAF,South Africa,710,179.783530797,15.0,11.0,3.9,6.8,15.7,156.0,92.0,48.9,74.0,168.0,3.8,1933.0,Yes,Yes,Yes,Yes,Yes
SSD,South Sudan,728,,,,,,,,,,,,1.9,118.0,No,No,Yes,No,No
ESP,Spain,724,137.579445018,9.1,17.8,5.8,4.0,3.1,122.0,164.0,11.5,50.0,33.0,4.5,4814.0,Yes,Yes,Yes,Yes,Yes
LKA,Sri Lanka,144,71.893970133,10.2,5.3,1.1,26.0,18.0,129.0,51.0,83.6,217.0,165.0,9.7,2820.0,Yes,Yes,Yes,Yes,Yes
SDN,Sudan,729,77.231151576,14.0,6.3,7.6,15.6,12.9,178.0,81.0,81.5,169.0,111.0,2.1,564.0,Yes,Yes,No,No,Yes
SUR,Suriname,740,121.119627077,9.3,8.8,9,2.7,1.5,110.0,71.0,130.9,41.0,9,1.8,11.0,Yes,No,Yes,No,Yes
SWE,Sweden,752,131.165301666,9.4,14.1,3.3,1.6,2.1,117.0,131.0,38.4,18.0,19.0,3.1,687.0,Yes,Yes,Yes,Yes,Yes
CHE,Switzerland,756,130.551839669,12.5,13.1,4.5,3.2,3.2,153.0,121.0,5.7,35.0,28.0,3.9,695.0,Yes,Yes,No,Yes,Yes
SYR,Syrian Arab Republic,760,164.920770061,5.9,6.3,0.3,1.2,0.6,87.0,70.0,24.8,15.0,9,1.2,160.0,Yes,No,No,Yes,Yes
TJK,Tajikistan,762,96.346712697,5.0,1.6,2.7,1.9,7.6,74.0,20.0,112.8,21.0,67.0,1.4,79.0,No,No,Yes,No,No
TZA,"Tanzania, United Republic of",834,146.625858853,10.5,4.9,6.3,10.5,19.8,112.0,46.0,37.6,105.0,178.0,1.6,481.0,Yes,Yes,Yes,No,Yes
THA,Thailand,764,155.480470448,6.7,19.8,31.0,8.1,3.3,89.0,95.0,83.7,72.0,27.0,4.0,4770.0,Yes,Yes,Yes,Yes,Yes
TLS,Timor-Leste,626,93.986251008,9.4,12.2,8.4,5.0,0.8,111.0,105.0,191.5,61.0,6,1.2,10.0,No,No,Yes,No,No
TGO,Togo,768,120.170163343,16.2,6.6,18.6,5.1,2,188.0,69.0,78.6,54.0,20.0,1.4,66.0,Yes,No,Yes,No,No
TON,Tonga,776,207.119347233,7.8,3.0,9.4,2.1,1.1,128.0,25.0,34.3,30.0,8,,,Yes,No,No,Yes,No
TTO,Trinidad and Tobago,780,114.946766736,13.9,12.4,3.8,3.5,2.3,209.0,139.0,13.6,39.0,24.0,1.7,33.0,Yes,Yes,Yes,Don't know,Yes
TUN,Tunisia,788,108.05505957,4.8,4.3,1.4,2.8,0.7,62.0,41.0,25.3,31.0,6,1.7,246.0,Yes,Yes,Yes,Yes,Yes
TKM,Turkmenistan,795,95.494086195,5.2,1.4,3.3,7.0,16.4,72.0,19.0,148.9,74.0,163.0,3.2,163.0,Yes,No,Yes,Yes,Yes
TUV,Tuvalu,798,,10.6,3.8,14.2,3.5,1.4,189.0,33.0,77.2,56.0,12.0,,,No,No,No,No,No
TUR,Türkiye,792,185.275912305,8.2,8.8,2.4,3.4,2.4,98.0,92.0,35.3,37.0,23.0,2.1,2103.0,Yes,Yes,Yes,Yes,Yes
UGA,Uganda,800,127.275527047,8.4,9.7,7,5.2,22.3,80.0,76.0,39.7,60.0,193.0,2.1,386.0,No,Yes,Yes,No,No
UKR,Ukraine,804,171.62649015,12.4,17.0,3.6,5.6,2.5,166.0,168.0,14.8,72.0,28.0,4.5,3422.0,Yes,Yes,Yes,Yes,Yes
ARE,United Arab Emirates,784,97.187169786,3.5,6.8,2,3.1,4.8,35.0,47.0,24.2,23.0,28.0,1.5,82.0,Yes,Yes,Yes,Yes,Yes
GBR,United Kingdom of Great Britain and Northern Ireland,826,152.569007429,14.5,17.0,2.7,2.5,7.9,182.0,152.0,67.9,28.0,65.0,5.1,6317.0,Yes,Yes,Yes,Yes,Yes
USA,United States of America,840,138.028994471,11.3,13.7,3.8,2.2,3.6,171.0,144.0,17.4,23.0,33.0,4.2,24470.0,Yes,Yes,Yes,Yes,Yes
URY,Uruguay,858,152.648059853,16.7,20.8,1.9,4.7,7.2,198.0,180.0,24.9,55.0,60.0,2.5,144.0,Yes,Yes,No,Yes,Yes
UZB,Uzbekistan,860,86.552048203,5.2,2.2,2.3,4.3,7.8,77.0,29.0,157.8,47.0,83.0,3.3,925.0,Yes,Yes,Yes,Yes,Yes
VUT,Vanuatu,548,101.921312293,9.3,2.5,15.1,4.1,,128.0,19.0,38.9,35.0,,2.5,5.0,No,No,Yes,Yes,No
VEN,"Venezuela, Bolivarian Republic of",862,94.219220491,8.4,7.5,4.3,1.9,1.6,116.0,70.0,148.5,18.0,13.0,1.9,601.0,Yes,No,No,Yes,Yes
VNM,Viet Nam,704,153.444233438,6.1,10.0,15.1,8.9,2.8,72.0,83.0,72.2,84.0,22.0,1.9,2152.0,Yes,Yes,Yes,Yes,Yes
YEM,Yemen,887,65.333184683,12.5,6.6,8,7.8,9.2,184.0,86.0,191.0,102.0,61.0,1.7,277.0,Don't know,No,No,No,Don't know
ZMB,Zambia,894,136.242506721,7.4,5.9,18.8,4.6,7.9,64.0,50.0,186.4,39.0,77.0,1.5,123.0,Yes,Yes,Yes,Don't know,Yes
ZWE,Zimbabwe,716,167.049107296,6.5,6.2,19.4,3.2,16.1,80.0,60.0,,35.0,143.0,1.4,110.0,Yes,Yes,Yes,No,Yes
